name,price,sizes
Acqua Di Gio Profondo,$17.00 SGD,"5ml Spray (75 Sprays),10ml Spray (150 Sprays)"
Acqua di Gio EDP,$17.00 SGD,"5ml Spray (75 Sprays),10ml Spray (150 Sprays)"
Amouage Interlude Man EDP,$16.00 SGD,"2ml Spray (30 Sprays),5ml Spray (75 Sprays),10ml Spray (150 Sprays)"
Chanel Allure Homme Sport,$18.00 SGD,"5ml Spray (75 Sprays),10ml Spray (150 Sprays)"
Byredo Sundazed,$18.00 SGD,"2ml Spray (30 Sprays),5ml Spray (75 Sprays),10ml Spray (150 Sprays)"
Acqua Di Gio Profumo,$17.00 SGD,"5ml Spray (75 Sprays),10ml Spray (150 Sprays)"
Carolina Herrera Bad Boy EDT,$18.00 SGD,"5ml Spray (75 Sprays),10ml Spray (150 Sprays)"
Byredo Lil Fleur,$14.00 SGD,"2ml Spray (30 Sprays),5ml Spray (75 Sprays),10ml Spray (150 Sprays)"
Byredo Gypsy Water,$15.00 SGD,"2ml Spray (30 Sprays),5ml Spray (75 Sprays),10ml Spray (150 Sprays)"
Byredo Black Saffron,$18.00 SGD,"2ml Spray (30 Sprays),5ml Spray (75 Sprays),10ml Spray (150 Sprays)"
Byredo Blanche,$15.00 SGD,"2ml Spray (30 Sprays),5ml Spray (75 Sprays),10ml Spray (150 Sprays)"
Byredo Bibliotheque,$18.00 SGD,"2ml Spray (30 Sprays),5ml Spray (75 Sprays),10ml Spray (150 Sprays)"
Byredo Slow Dance,$18.00 SGD,"2ml Spray (30 Sprays),5ml Spray (75 Sprays),10ml Spray (150 Sprays)"
Byredo Rose Of No Man's Land,$18.00 SGD,"2ml Spray (30 Sprays),5ml Spray (75 Sprays),10ml Spray (150 Sprays)"
Byredo Inflorescence,$18.00 SGD,"2ml Spray (30 Sprays),5ml Spray (75 Sprays),10ml Spray (150 Sprays)"
ARMAF Club de Nuit Sillage,$10.00 SGD,"5ml Spray (75 Sprays),10ml Spray (150 Sprays)"
Ariana Grande Moonlight,$14.00 SGD,"5ml Spray (75 Sprays),10ml Spray (150 Sprays)"
Bleu De Chanel EDT,$18.00 SGD,"5ml Spray (75 Sprays),10ml Spray (150 Sprays)"
Bleu De Chanel EDP,$20.00 SGD,"5ml Spray (75 Sprays),10ml Spray (150 Sprays)"
ARMAF Club de Nuit Milestone,$10.00 SGD,"5ml Spray (75 Sprays),10ml Spray (150 Sprays)"
Ariana Grande Sweet Like Candy,$14.00 SGD,"5ml Spray (75 Sprays),10ml Spray (150 Sprays)"
Ariana Grande Cloud EDP,$14.00 SGD,"5ml Spray (75 Sprays),10ml Spray (150 Sprays)"
Ariana Grande Ari,$14.00 SGD,"5ml Spray (75 Sprays),10ml Spray (150 Sprays)"
D&G The One EDP,$15.00 SGD,"5ml Spray (75 Sprays),10ml Spray (150 Sprays)"
D&G Light Blue eau Intense,$15.00 SGD,"5ml Spray (75 Sprays),10ml Spray (150 Sprays)"
Dior Escale Aux Marquises,$15.00 SGD,"5ml Spray (75 Sprays),10ml Spray (150 Sprays)"
Creed Original Santal,$15.00 SGD,"2ml Spray (30 Sprays),5ml Spray (75 Sprays),10ml Spray (150 Sprays)"
Davidoff Cool Water EDT,$8.00 SGD,"5ml Spray (75 Sprays),10ml Spray (150 Sprays)"
D&G Light Blue Forever Pour Homme EDP,$18.00 SGD,"5ml Spray (75 Sprays),10ml Spray (150 Sprays)"
Creed Millesime Imperial,$15.00 SGD,"2ml Spray (30 Sprays),5ml Spray (75 Sprays),10ml Sprays (150 Sprays)"
Creed Royal Water,$15.00 SGD,"2ml Spray (30 Sprays),5ml Spray (75 Sprays),10ml Spray (150 Sprays)"
Creed Love in White,$15.00 SGD,"2ml Spray (30 Sprays),5ml Spray (75 Sprays),10ml Spray (150 Sprays)"
Coach for Men EDT,$12.00 SGD,"5ml Spray (75 Sprays),10ml Spray (150 Sprays)"
Coach for Women EDP,$12.00 SGD,"5ml Spray (75 Sprays),10ml Spray (150 Sprays)"
Creed Himalaya,$15.00 SGD,"2ml Spray (30 Sprays),5ml Spray (75 Sprays),10ml Spray (150 Sprays)"
Creed Green Irish Tweed,$15.00 SGD,"2ml Spray (30 Sprays),5ml Spray (75 Sprays),10ml Spray (150 Sprays)"
Creed Aventus Cologne,$15.00 SGD,"2ml Spray (30 Sprays),5ml Spray (75 Sprays),10ml Spray (150 Sprays)"
Creed Aventus,$20.00 SGD,"2ml Spray (30 Sprays),5ml Spray (75 Sprays),10ml Spray (150 Sprays)"
Jil Sander Sun Men,$10.00 SGD,"5ml Spray (75 Sprays),10ml Spray (150 Sprays)"
Jimmy Choo Man Blue,$10.00 SGD,"5ml Spray (75 Sprays),10ml Spray (150 Sprays)"
Jean Paul Gaultier Le Male,$12.00 SGD,"5ml Spray (75 Sprays),10ml Spray (150 Sprays)"
Huda Beauty Kayali - Eden Juicy Apple 01 EDP,$16.00 SGD,"5ml Spray (75 Spray),10ml Spray (75 Spray)"
Huda Beauty Kayali - Elixir II 2 EDP,$16.00 SGD,"5ml Spray (75 Sprays),10ml Spray (150 Sprays)"
Jean Paul Gaultier Ultra Male Intense EDT,$14.00 SGD,"5ml Spray (75 Sprays),10ml Spray (150 Sprays)"
Huda Beauty Kayali - Citrus 08 EDP,$16.00 SGD,"5ml Spray (75 Sprays),10ml Spray (150 Sprays)"
Gucci Bloom EDP,$15.00 SGD,"5ml Spray (75 Sprays),10ml Spray (150 Sprays)"
Guerlain L'homme Ideal EDP,$20.00 SGD,"5ml Spray (75 Sprays),10ml Spray (150 Sprays)"
Halloween Man X,$10.00 SGD,"5ml Spray (75 Sprays),10ml Spray (150 Sprays)"
Givenchy Pi,$12.00 SGD,"5ml Spray (75 Sprays),10ml Spray (150 Sprays)"
Estee Lauder Pure White Linen,$14.00 SGD,"5ml Spray (75 Sprays),10ml Spray (150 Sprays)"
Giorgio Armani Si EDP,$20.00 SGD,"5ml Spray (75 Sprays),10ml Spray (150 Sprays)"
Escentric Molecules Molecule 01,$15.00 SGD,"5ml Spray (75 Sprays),10ml Spray (150 Sprays)"
Enigma Pour Homme Cologne Roja Dove,$20.00 SGD,"2ml Spray (30 Sprays),5ml Spray (75 Sprays),10ml Spray (150 Sprays)"
Maison Francis Kurkdjian MFK Aqua Celestia Forte,$15.00 SGD,"2ml Spray (30 Sprays),5ml Spray (75 Sprays),10ml Spray (150 Sprays)"
Maison Francis Kurkdjian MFK Aqua Universalis EDT,$15.00 SGD,"2ml Spray (30 Sprays),5ml Spray (75 Sprays),10ml Spray (150 Sprays)"
Maison Francis Kurkdjian MFK Aqua Celestia,$15.00 SGD,"2ml Spray (30 Sprays),5ml Spray (75 Sprays),10ml Spray (150 Sprays)"
Maison Francis Kurkdjian MFK Amyris Femme,$15.00 SGD,"2ml Spray (30 Sprays),5ml Spray (75 Sprays),10ml Spray (150 Sprays)"
Le Labo The Noir 29,$15.00 SGD,"2ml Spray (30 Sprays),5ml Spray (75 Sprays),10ml Spray (150 Sprays)"
Le Labo Santal 33,$15.00 SGD,"2ml Spray (30 Sprays),5ml Spray (75 Sprays),10ml Spray (150 Sprays)"
Maison Francis Kurkdjian MFK Amyris Homme,$15.00 SGD,"2ml Spray (30 Sprays),5ml Spray (75 Sprays),10ml Spray (150 Sprays)"
Le Labo Oud 27,$15.00 SGD,"2ml Spray (30 Sprays),5ml Spray (75 Sprays),10ml Spray (150 Sprays)"
Le Labo Patchouli 24,$15.00 SGD,"2ml Spray (30 Sprays),5ml Spray (75 Sprays),10ml Spray (150 Sprays)"
Le Labo Musc 25 (City Exclusive - Los Angelos),$20.00 SGD,"2ml Spray (30 Sprays),5ml Spray (75 Sprays),10ml Spray (150 Sprays)"
Le Labo Matcha 26,$15.00 SGD,"2ml Spray (30 Sprays),5ml Spray (75 Sprays),10ml Spray (150 Sprays)"
Le Labo Baie 19,$15.00 SGD,"2ml Spray (30 Sprays),5ml Spray (75 Sprays),10ml Spray (150 Sprays)"
Le Labo Jasmin 17,$15.00 SGD,"2ml Spray (30 Sprays),5ml Spray (75 Sprays),10ml Spray (150 Sprays)"
Lancome La Vie Est Belle EDP,$17.00 SGD,"5ml Spray (75 Sprays),10ml Spray (150 Sprays)"
Kilian Angels' Share EDP,$25.00 SGD,"2ml Spray (30 Sprays),5ml Spray (75 Sprays),10ml Sprays (150 Sprays)"
Le Labo Another 13,$15.00 SGD,"2ml Spray (30 Sprays),5ml Spray (75 Sprays),10ml Spray (150 Sprays)"
Juliette Has A Gun - Not A Perfume,$15.00 SGD,"5ml Spray (75 Sprays),10ml Spray (150 Sprays)"
Le Labo Rose 31,$15.00 SGD,"2ml Spray (30 Sprays),5ml Spray (75 Sprays),10ml Spray (150 Sprays)"
Le Labo Iris 39,$15.00 SGD,"2ml Spray (30 Sprays),5ml Spray (75 Sprays),10ml Spray (150 Sprays)"
Mancera Aoud Lemon Mint EDP,$20.00 SGD,"5ml Spray (75 Sprays),10ml Spray (150 Sprays)"
Maison Margiela Replica - Under The Lemon Trees,$18.00 SGD,"5ml Spray (75 Sprays),10ml Spray (150 Sprays)"
Maison Margiela Replica - When The Rain Stops,$18.00 SGD,"5ml Spray (75 Sprays),10ml Spray (150 Sprays)"
Maison Margiela Replica - Springtime In A Park,$18.00 SGD,"5ml Spray (75 Sprays),10ml Spray (150 Sprays)"
Maison Margiela Replica - Matcha Meditation,$18.00 SGD,"5ml Spray (75 Sprays),10ml Spray (150 Sprays)"
Maison Margiela Replica - Sailing Day,$18.00 SGD,"5ml Spray (75 Sprays),10ml Spray (150 Sprays)"
Maison Margiela Replica - Jazz Club,$18.00 SGD,"5ml Spray (75 Sprays),10ml Spray (150 Sprays)"
Maison Margiela Replica - Coffee Break,$18.00 SGD,"5ml Spray (75 Sprays),10ml Spray (150 Sprays)"
Maison Margiela Replica - By The Fireplace,$18.00 SGD,"5ml Spray (75 Sprays),10ml Spray (150 Sprays)"
Maison Margiela Replica - Bubble Bath,$18.00 SGD,"5ml Spray (75 Sprays),10ml Spray (150 Sprays)"
Maison Margiela Replica - Beach Walk,$18.00 SGD,"5ml Spray (75 Sprays),10ml Spray (150 Sprays)"
Maison Francis Kurkdjian MFK Petite Matin EDP,$15.00 SGD,"2ml Spray (30 Sprays),5ml Spray (75 Sprays),10ml Spray (150 Sprays)"
Maison Margiela Replica - Autumn Vibes,$18.00 SGD,"5ml Spray (75 Sprays),10ml Spray (150 Sprays)"
Maison Francis Kurkdjian MFK Oud Satin Mood EDP,$20.00 SGD,"2ml Spray (30 Sprays),5ml Spray (75 Sprays),10ml Spray (150 Sprays)"
Maison Francis Kurkdjian MFK Masculin Pluriel EDT,$15.00 SGD,"2ml Spray (30 Sprays),5ml Spray (75 Sprays),10ml Spray (150 Sprays)"
Maison Francis Kurkdjian MFK L'homme A La Rose,$18.00 SGD,"2ml Spray (30 Sprays),5ml Spray (75 Sprays),10ml Spray (150 Sprays)"
Maison Margiela Replica - Lazy Sunday Morning,$18.00 SGD,"5ml Spray (75 Sprays),10ml Spray (150 Sprays)"
Parfums de Marly Godolphin,$15.00 SGD,"2ml Spray (30 Sprays),5ml Spray (75 Sprays),10ml Spray (150 Sprays)"
Parfums de Marly Delina Exclusif,$22.00 SGD,"2ml Spray (30 Sprays),5ml Spray (75 Sprays),10ml Spray (150 Sprays)"
Parfums de Marly Darley,$12.00 SGD,"2ml Spray (30 Sprays),5ml Spray (75 Sprays),10ml Spray (150 Sprays)"
Parfums de Marly Greenley,$15.00 SGD,"2ml Spray (30 Sprays),5ml Spray (75 Sprays),10ml Spray (150 Sprays)"
Paco Rabanne Phantom,$15.00 SGD,"5ml Spray (75 Sprays),10ml Spray (150 Sprays)"
Paco Rabanne 1 Million EDT,$12.00 SGD,"5ml Spray (75 Sprays),10ml Spray (150 Sprays)"
Paco Rabanne Invictus Victory,$15.00 SGD,"5ml Spray (75 Sprays),10ml Spray (150 Sprays)"
Nishane Wulong Cha Extrait de Parfum,$25.00 SGD,"5ml Spray (75 Sprays),10ml Spray (150 Sprays)"
Nishane Hacivat Extrait de Parfum,$25.00 SGD,"5ml Spray (75 Sprays),10ml Spray (150 Sprays)"
Maison Francis Kurkdjian MFK Grand Soir EDP,$18.00 SGD,"2ml Spray (30 Sprays),5ml Spray (75 Sprays),10ml Spray (150 Sprays)"
Nishane Ani Extrait de Parfum,$25.00 SGD,"5ml Spray (75 Sprays),10ml Spray (150 Sprays)"
Paco Rabanne Invictus,$13.00 SGD,"5ml Spray (75 Sprays),10ml Spray (150 Sprays)"
Nautica Voyage EDT,$8.00 SGD,"5ml Spray (75 Sprays),10ml Spray (150 Sprays)"
Mystery Box Set,$60.00 SGD,"2ml Sprays,5ml Sprays,10ml Sprays,10ml+ Sprays"
Montale Chocolate Greedy,$15.00 SGD,"5ml Spray (75 Sprays),10ml Spray (150 Sprays)"
Moschino Toy Boy EDP,$12.00 SGD,"5ml Spray (75 Sprays),10ml Spray (150 Sprays)"
Mont Blanc Legend Spirit EDT,$10.00 SGD,"5ml Spray (75 Sprays),10ml Spray (150 Sprays)"
Mont Blanc Legend EDT,$10.00 SGD,"5ml Spray (75 Sprays),10ml Spray (150 Sprays)"
Tom Ford Noir Extreme,$12.00 SGD,"2ml Spray (30 Sprays),5ml Spray (75 Sprays),10ml Spray (150 Sprays)"
Tom Ford Eau de Soleil Blanc EDT,$22.00 SGD,"5ml Spray (75 Sprays),10ml Spray (150 Sprays)"
Tom Ford Ombre Leather EDP,$12.00 SGD,"2ml Spray (30 Sprays),5ml Spray (75 Sprays),10ml Spray (150 Sprays)"
Tom Ford Oud Wood EDP,$20.00 SGD,"2ml Spray (30 Sprays),5ml Spray (75 Sprays),10ml Spray (150 Sprays)"
Tom Ford Black Orchid EDP,$12.00 SGD,"2ml Spray (30 Sprays),5ml Spray (75 Sprays),10ml Spray (150 Sprays)"
Rasasi Hawas EDP,$16.00 SGD,"5ml Spray (75 Sprays),10ml Spray (150 Sprays)"
Tom Ford Lost Cherry EDP,$20.00 SGD,"2ml Spray (30 Sprays),5ml Spray (75 Sprays),10ml Spray (150 Sprays)"
Terre d'Hermes EDT,$15.00 SGD,"5ml Spray (75 Sprays),10ml Spray (150 Sprays)"
Rochas Moustache EDP,$12.00 SGD,"5ml Spray (75 Sprays),10ml Sprays (150 Sprays)"
Tom Ford F*cking Fabulous EDP,$20.00 SGD,"2ml Spray (30 Sprays),5ml Spray (75 Sprays),10ml Spray (150 Sprays)"
Prada La Femme L'eau,$15.00 SGD,"5ml Spray (75 Sprays),10ml Spray (150 Sprays)"
Prada Luna Rossa Carbon EDT,$15.00 SGD,"5ml Spray (75 Sprays),10ml Spray (150 Sprays)"
Prada L'homme EDT,$18.00 SGD,"5ml Spray (75 Sprays),10ml Spray (150 Sprays)"
Parfums de Marly Sedley,$12.00 SGD,"2ml Spray (30 Sprays),5ml Spray (75 Sprays),10ml Spray (150 Sprays)"
Prada Amber Pour Homme,$15.00 SGD,"5ml Spray (75 Sprays),10ml Spray (150 Sprays)"
Polo Ralph Lauren Polo Blue EDT,$10.00 SGD,"5ml Spray (75 Sprays),10ml Spray (150 Sprays)"
Yves Saint Laurent YSL Y EDP,$18.00 SGD,"5ml Spray (75 Sprays),10ml Spray (150 Sprays)"
Parfums de Marly Pegasus,$15.00 SGD,"2ml Spray (30 Sprays),5ml Spray (75 Sprays),10ml Spray (150 Sprays)"
Parfums de Marly Oajan,$15.00 SGD,"2ml Spray (30 Sprays),5ml Spray (75 Sprays),10ml Spray (150 Sprays)"
Yves Saint Laurent YSL Tuxedo,$18.00 SGD,"2ml Spray (30 Sprays),5ml Spray (75 Sprays),10ml Spray (150 Sprays)"
Parfums de Marly Percival,$15.00 SGD,"2ml Spray (30 Sprays),5ml Spray (75 Sprays),10ml Spray (150 Sprays)"
Parfums de Marly Layton Exclusif,$20.00 SGD,"2ml Spray (30 Sprays),5ml Spray (75 Sprays),10ml Spray (150 Sprays)"
Yves Saint Laurent YSL Libre EDP,$20.00 SGD,"5ml Spray (75 Sprays),10ml Spray (150 Sprays)"
Yves Saint Laurent YSL La Nuit de L'homme Bleu Electrique,$25.00 SGD,"5ml Spray (75 Sprays),10ml Spray (150 Sprays)"
Yves Saint Laurent YSL La Nuit De L'homme,$15.00 SGD,"5ml Spray (75 Sprays),10ml Spray (150 Sprays)"
Xerjoff Zefiro EDP,$15.00 SGD,"2ml Spray (30 Sprays),5ml Spray (75 Sprays),10ml Spray (150 Sprays)"
Xerjoff Naxos Xj 1861 EDP,$15.00 SGD,"2ml Spray (30 Sprays),5ml Spray (75 Sprays),10ml Spray (150 Sprays)"
Viktor&Rolf Spicebomb Night Vision EDP,$15.00 SGD,"5ml Spray (75 Sprays),10ml Spray (150 Sprays)"
Yves Saint Laurent YSL Black Opium EDP,$20.00 SGD,"5ml Spray (75 Sprays),10ml Spray (150 Sprays)"
Xerjoff Renaissance EDP,$15.00 SGD,"2ml Spray (30 Sprays),5ml Spray (75 Sprays),10ml Spray (150 Sprays)"
Versace Man Eau Friache,$10.00 SGD,"5ml Spray (75 Sprays),10ml Spray (150 Sprays)"
Viktor&Rolf Spicebomb Extreme,$18.00 SGD,"5ml Spray (75 Sprays),10ml Spray (150 Sprays)"
Top 5 Fragrance Gift Set (Women's),$100.00 SGD,"5ml Spray (75 Sprays),10ml Spray (150 Sprays),5ml Spray (75 Sprays) + Name Customization,10ml Spray (75 Sprays) + Name Customization"
Versace Bright Crystal EDT,$12.00 SGD,"5ml Spray (75 Sprays),10ml Spray (150 Sprays)"
Versace Eros EDP,$15.00 SGD,"5ml Spray (75 Sprays),10ml Spray (150 Sprays)"
Versace Eros EDT,$12.00 SGD,"5ml Spray (75 Sprays),10ml Spray (150 Sprays)"
Versace Pour Homme,$14.00 SGD,"5ml Spray (75 Sprays),10ml Spray (150 Sprays)"
Versace Dylan Blue,$14.00 SGD,"5ml Spray (75 Sprays),10ml Spray (150 Sprays)"
Top 5 Fragrance Gift Set (Unisex),$110.00 SGD,"5ml Spray (75 Sprays),10ml Spray (150 Sprays),5ml Spray (75 Sprays) + Name Customization,10ml Spray (75 Sprays) + Name Customization"
Top 5 Fragrance Gift Set (Men's),$100.00 SGD,"5ml Sprays (75 Sprays),10ml Sprays (150 Sprays),5ml Sprays (75 Sprays) + Name Customization,10ml Sprays (150 Sprays) + Name Customization"
Parfums de Marly Kalan,$15.00 SGD,"2ml Spray (30 Sprays),5ml Spray (75 Sprays),10ml Spray (150 Sprays)"
Tom Ford Tobacco Vanille EDP,$20.00 SGD,"2ml Spray (30 Sprays),5ml Spray (75 Sprays),10ml Spray (150 Sprays)"
Parfums de Marly Haltane (UK Exclusive),$25.00 SGD,"2ml Spray (30 Sprays),5ml Spray (75 Sprays),10ml Spray (150 Sprays)"
Mont Blanc Explorer Ultra Blue,$10.00 SGD,"5ml Spray (75 Sprays),10ml Spray (150 Sprays)"
Parfums de Marly Layton,$15.00 SGD,"2ml Spray (30 Sprays),5ml Spray (75 Sprays),10ml Spray (150 Sprays)"
Parfums de Marly Habdan,$15.00 SGD,"2ml Spray (30 Sprays),5ml Spray (75 Sprays),10ml Spray (150 Sprays)"
Mont Blanc Individuel,$10.00 SGD,"5ml Spray (75 Sprays),10ml Spray (150 Sprays)"
Marc Jacobs Daisy Eau So Fresh,$14.00 SGD,"5ml Spray (75 Sprays),10ml Spray (150 Sprays)"
Mancera Cedrat Boise,$20.00 SGD,"5ml Spray (75 Sprays),10ml Spray (150 Sprays)"
Maison Francis Kurkdjian MFK Baccarat Rouge 540 XDP,$22.00 SGD,"2ml Spray (30 Sprays),5ml Spray (75 Sprays),10ml Spray (150 Sprays)"
Mont Blanc Explorer EDP,$10.00 SGD,"5ml Spray (75 Sprays),10ml Spray (150 Sprays)"
Mancera Instant Crush,$20.00 SGD,"5ml Spray (75 Sprays),10ml Spray (150 Sprays)"
Maison Francis Kurkdjian MFK Feminin Pluriel EDP,$15.00 SGD,"2ml Spray (30 Sprays),5ml Spray (75 Sprays),10ml Spray (150 Sprays)"
Maison Francis Kurkdjian MFK Gentle Fluidity Gold,$18.00 SGD,"2ml Spray (30 Sprays),5ml Spray (75 Sprays),10ml Spray (150 Sprays)"
Maison Francis Kurkdjian MFK Baccarat Rouge 540 EDP,$18.00 SGD,"2ml Spray (30 Sprays),5ml Spray (75 Sprays),10ml Spray (150 Sprays)"
Marc Jacobs Daisy Dream,$14.00 SGD,"5ml Spray (75 Sprays),10ml Spray (150 Sprays)"
Maison Francis Kurkdjian MFK Aqua Vitae,$10.00 SGD,"2ml Spray (30 Sprays),5ml Spray (75 Sprays),10ml Spray (150 Sprays)"
Maison Francis Kurkdjian MFK Aqua Vitae Cologne Forte,$15.00 SGD,"2ml Spray (30 Sprays),5ml Spray (75 Sprays),10ml Spray (150 Sprays)"
John Varvatos Artisan Pure,$12.00 SGD,"5ml Spray (75 Sprays),10ml Spray (150 Sprays)"
Jo Malone Plum Blossom Cologne,$20.00 SGD,"5ml Spray (75 Sprays),10ml Spray (150 Sprays)"
Jo Malone Waterlily Cologne,$20.00 SGD,"5ml Spray (75 Sprays),10ml Spray (150 Sprays)"
Jo Malone Sakura Cherry Blossom Cologne,$20.00 SGD,"5ml Spray (75 Sprays),10ml Spray (150 Sprays)"
Jo Malone English Pear & Fressia,$20.00 SGD,"5ml Spray (75 Sprays),10ml Spray (150 Sprays)"
Dolce&Gabbana Light Blue eau Intense Pour Femme,$15.00 SGD,"5ml Spray (75 Sprays),10ml Spray (150 Sprays)"
Emporio Armani Stronger With You EDT,$16.00 SGD,"5ml Spray (75 Sprays),10ml Spray (150 Sprays)"
Elysium Pour Homme Cologne Roja Dove,$20.00 SGD,"2ml Spray (30 Sprays),5ml Spray (75 Sprays),10ml Spray (150 Sprays)"
Eau de Lacoste L.12.12. White Lacoste Blanc,$12.00 SGD,"5ml Spray (75 Sprays),10ml Spray (150 Sprays)"
Dior Sauvage Elixir,$15.00 SGD,"2ml Spray (30 Sprays),5ml Spray (75 Sprays),10ml Spray (150 Sprays)"
Dior Sauvage EDT,$15.00 SGD,"5ml Spray (75 Sprays),10ml (150 Sprays)"
Dior Sauvage EDP,$17.00 SGD,"5ml Spray (75 Sprays),10ml Spray (150 Sprays)"
Dior J'adore EDP,$20.00 SGD,"5ml Spray (75 Sprays),10ml Spray (150 Sprays)"
Chanel Pour Monsieur EDP,$20.00 SGD,"5ml Spray (75 Sprays),10ml Spray (150 Sprays)"
Chanel Platinum Egoiste EDT,$20.00 SGD,"5ml Spray (75 Sprays),10ml Spray (150 Sprays)"
Chanel Gabrielle EDP,$25.00 SGD,"5ml Spray (75 Sprays),10ml Spray (150 Sprays)"
Chanel Egoiste EDT,$20.00 SGD,"5ml Spray (75 Sprays),10ml Spray (150 Sprays)"
Dior Homme Intense EDP,$18.00 SGD,"5ml Spray (75 Sprays),10ml Spray (150 Sprays)"
Chanel Coco Mademoiselle EDP,$25.00 SGD,"5ml Spray (75 Sprays),10ml Spray (150 Sprays)"
Chanel Chance eau Tendre EDT,$20.00 SGD,"5ml Spray (75 Sprays),10ml Spray (150 Sprays)"
Chanel No. 5 EDP,$25.00 SGD,"5ml Sprays (75 Sprays),10ml Spray (150 Sprays)"
Amouage Reflection Man EDP,$16.00 SGD,"2ml Spray (30 Sprays),5ml Spray (75 Sprays),10ml Spray (150 Sprays)"
Chanel Allure Homme Sport eau Extreme,$20.00 SGD,"5ml Spray (75 Sprays),10ml Spray (150 Sprays)"
Chanel Allure Homme Sport Edition Blanche EDP,$20.00 SGD,"5ml Spray (75 Sprays),10ml Spray (150 Sprays)"
